firstname,lastname,email,email2,birthdate,ID_Number,ID_Type,ID_Issue,phone,phone2
Jaime,Alarise,Jaime.Alarise@yopmail.com,Jaime.Alarise@gmail.com,1970-12-24,928034612,Identity,Los Angeles Police Department,6938847966,2106573208
Florencia,Eckblad,Florencia.Eckblad@yopmail.com,Florencia.Eckblad@gmail.com,1977-04-21,988347669,Passport,Los Angeles Police Department,6976366481,2102489675
Donetta,Gunn,Donetta.Gunn@yopmail.com,Donetta.Gunn@gmail.com,1959-02-11,17560146,Identity,US State Department,6993426465,2100125714
Livvyy,Hamil,Livvyy.Hamil@yopmail.com,Livvyy.Hamil@gmail.com,1960-03-25,940934045,Passport,Los Angeles Police Department,6912935942,2106150394
Celestyna,Teryn,Celestyna.Teryn@yopmail.com,Celestyna.Teryn@gmail.com,1961-09-14,823165700,Passport,US State Department,6980140663,2104860309
Aubrie,Niles,Aubrie.Niles@yopmail.com,Aubrie.Niles@gmail.com,1998-10-22,729080432,Passport,US State Department,6918696412,2106639655
Maisey,Claudine,Maisey.Claudine@yopmail.com,Maisey.Claudine@gmail.com,1995-12-30,262188398,Passport,US State Department,6965755979,2101409995
Sissy,Saree,Sissy.Saree@yopmail.com,Sissy.Saree@gmail.com,1965-06-20,89035110,Passport,EU Bureau,6913599644,2108108313
Ricky,Ezar,Ricky.Ezar@yopmail.com,Ricky.Ezar@gmail.com,1959-06-21,818176843,Passport,New York Police Department,6999892817,2101949802
Gaylene,Skell,Gaylene.Skell@yopmail.com,Gaylene.Skell@gmail.com,1955-05-26,521616505,Passport,EU Bureau,6905785271,2103932984
Tamqrah,Raimondo,Tamqrah.Raimondo@yopmail.com,Tamqrah.Raimondo@gmail.com,1979-10-05,265974892,Identity,New York Police Department,6933113512,2105519281
Althea,Beebe,Althea.Beebe@yopmail.com,Althea.Beebe@gmail.com,1958-09-25,575804090,Identity,US State Department,6911395755,2101899529
Millie,Hepsibah,Millie.Hepsibah@yopmail.com,Millie.Hepsibah@gmail.com,1951-05-21,286610015,Passport,US State Department,6911314281,2101265890
Jsandye,Autrey,Jsandye.Autrey@yopmail.com,Jsandye.Autrey@gmail.com,1941-09-15,807939869,Identity,US State Department,6940258531,2107637911
Kary,Gladstone,Kary.Gladstone@yopmail.com,Kary.Gladstone@gmail.com,1958-10-30,78134181,Passport,EU Bureau,6960635202,2101069829
Rosanne,Kosey,Rosanne.Kosey@yopmail.com,Rosanne.Kosey@gmail.com,1990-08-25,500695677,Identity,Los Angeles Police Department,6943277343,2102239422
Leona,Stoller,Leona.Stoller@yopmail.com,Leona.Stoller@gmail.com,1946-02-24,667010954,Identity,EU Bureau,6986255249,2108766012
Ketti,Edvard,Ketti.Edvard@yopmail.com,Ketti.Edvard@gmail.com,2002-12-13,360339991,Identity,New York Police Department,6921310268,2101521952
Tori,Cleo,Tori.Cleo@yopmail.com,Tori.Cleo@gmail.com,1948-01-17,108571073,Passport,Los Angeles Police Department,6986143814,2103189758
Sara-Ann,Deny,Sara-Ann.Deny@yopmail.com,Sara-Ann.Deny@gmail.com,1999-01-26,574075014,Passport,EU Bureau,6993939162,2109793662
Camile,Khorma,Camile.Khorma@yopmail.com,Camile.Khorma@gmail.com,1951-07-10,475504260,Passport,New York Police Department,6931413177,2102040118
Sherrie,Ietta,Sherrie.Ietta@yopmail.com,Sherrie.Ietta@gmail.com,1996-07-31,680962443,Identity,Los Angeles Police Department,6976892043,2108468408
Phylis,Kinnard,Phylis.Kinnard@yopmail.com,Phylis.Kinnard@gmail.com,1993-12-14,152196818,Passport,US State Department,6982051828,2105987902
Violet,Faso,Violet.Faso@yopmail.com,Violet.Faso@gmail.com,1992-04-28,425785414,Identity,New York Police Department,6923752721,2108485110
Ermengarde,Belldas,Ermengarde.Belldas@yopmail.com,Ermengarde.Belldas@gmail.com,1984-09-01,117267329,Identity,Los Angeles Police Department,6912149332,2106584733
Britni,Diann,Britni.Diann@yopmail.com,Britni.Diann@gmail.com,1944-01-13,858000744,Identity,Los Angeles Police Department,6902020749,2101213291
Ayn,Wareing,Ayn.Wareing@yopmail.com,Ayn.Wareing@gmail.com,1959-10-09,699852710,Identity,Los Angeles Police Department,6998181581,2102980884
Aryn,Marlie,Aryn.Marlie@yopmail.com,Aryn.Marlie@gmail.com,1994-11-21,364740026,Identity,EU Bureau,6969081909,2108603544
Frances,Riva,Frances.Riva@yopmail.com,Frances.Riva@gmail.com,1974-03-18,446867733,Identity,EU Bureau,6924737407,2107024134
Fred,O'Rourke,Fred.O'Rourke@yopmail.com,Fred.O'Rourke@gmail.com,1991-01-20,740636797,Identity,EU Bureau,6904508918,2108006882
Priscilla,Maisey,Priscilla.Maisey@yopmail.com,Priscilla.Maisey@gmail.com,2004-05-28,283697627,Identity,US State Department,6990549737,2102248523
Phylis,Sharl,Phylis.Sharl@yopmail.com,Phylis.Sharl@gmail.com,1978-04-18,60290016,Identity,Los Angeles Police Department,6948591399,2106505356
Esmeralda,Ackerley,Esmeralda.Ackerley@yopmail.com,Esmeralda.Ackerley@gmail.com,1967-09-21,899324719,Identity,US State Department,6923240150,2109666879
Ardys,Swanhildas,Ardys.Swanhildas@yopmail.com,Ardys.Swanhildas@gmail.com,1943-11-12,718472523,Identity,EU Bureau,6995141670,2100573309
Shirlee,Brittani,Shirlee.Brittani@yopmail.com,Shirlee.Brittani@gmail.com,1988-07-03,958922793,Identity,EU Bureau,6970526646,2107205690
Stephanie,Zina,Stephanie.Zina@yopmail.com,Stephanie.Zina@gmail.com,1973-06-20,912144849,Identity,Los Angeles Police Department,6982589809,2101660648
Sara-Ann,Flita,Sara-Ann.Flita@yopmail.com,Sara-Ann.Flita@gmail.com,1991-07-02,424366111,Passport,EU Bureau,6960044363,2100284999
Daphne,Emmaline,Daphne.Emmaline@yopmail.com,Daphne.Emmaline@gmail.com,1995-06-29,78165236,Passport,Los Angeles Police Department,6911342458,2103611504
Merci,Allare,Merci.Allare@yopmail.com,Merci.Allare@gmail.com,1958-06-10,673675404,Identity,US State Department,6989553379,2103515550
Lolita,Holbrook,Lolita.Holbrook@yopmail.com,Lolita.Holbrook@gmail.com,1985-12-24,700835039,Passport,US State Department,6912780941,2105084976
Karly,Loring,Karly.Loring@yopmail.com,Karly.Loring@gmail.com,1948-02-18,493284321,Passport,New York Police Department,6983322557,2105500000
Kamilah,Rocray,Kamilah.Rocray@yopmail.com,Kamilah.Rocray@gmail.com,1944-08-23,678570206,Passport,New York Police Department,6988904118,2109987631
Anestassia,Japeth,Anestassia.Japeth@yopmail.com,Anestassia.Japeth@gmail.com,1940-09-08,234834824,Identity,Los Angeles Police Department,6969340159,2106106224
Dione,Leary,Dione.Leary@yopmail.com,Dione.Leary@gmail.com,1945-11-18,734680075,Passport,EU Bureau,6973698248,2102369114
Jackie,Idelia,Jackie.Idelia@yopmail.com,Jackie.Idelia@gmail.com,1974-05-25,342150048,Identity,Los Angeles Police Department,6955408924,2102061589
Fanchon,Nickola,Fanchon.Nickola@yopmail.com,Fanchon.Nickola@gmail.com,2003-07-04,626930112,Identity,US State Department,6924297238,2107847772
Cassondra,Skell,Cassondra.Skell@yopmail.com,Cassondra.Skell@gmail.com,1963-04-25,153299053,Identity,EU Bureau,6965060611,2107963257
Konstance,Carmena,Konstance.Carmena@yopmail.com,Konstance.Carmena@gmail.com,1966-02-02,430128835,Identity,Los Angeles Police Department,6953804438,2100174854
Blake,Wyn,Blake.Wyn@yopmail.com,Blake.Wyn@gmail.com,1948-02-02,453229614,Passport,US State Department,6965778196,2108176441
Gavrielle,Strephon,Gavrielle.Strephon@yopmail.com,Gavrielle.Strephon@gmail.com,1968-08-25,759896316,Passport,Los Angeles Police Department,6948090285,2105230544
Ethel,Halsey,Ethel.Halsey@yopmail.com,Ethel.Halsey@gmail.com,1940-12-18,369918970,Passport,Los Angeles Police Department,6998496658,2109209264
Micheline,Oscar,Micheline.Oscar@yopmail.com,Micheline.Oscar@gmail.com,2000-10-03,348665358,Identity,Los Angeles Police Department,6919079751,2105644966
Celestyna,Harday,Celestyna.Harday@yopmail.com,Celestyna.Harday@gmail.com,1946-06-19,590744367,Identity,US State Department,6994163436,2106614635
Annabela,Amethist,Annabela.Amethist@yopmail.com,Annabela.Amethist@gmail.com,1971-11-19,836415843,Identity,EU Bureau,6909330478,2109616707
Delilah,Pelagias,Delilah.Pelagias@yopmail.com,Delilah.Pelagias@gmail.com,1983-03-15,11559018,Passport,US State Department,6969633223,2106290121
Jessy,Bendick,Jessy.Bendick@yopmail.com,Jessy.Bendick@gmail.com,1965-11-05,623085132,Passport,Los Angeles Police Department,6918608945,2105801263
Susette,Monk,Susette.Monk@yopmail.com,Susette.Monk@gmail.com,1993-01-29,370962162,Identity,US State Department,6907610840,2106175143
Max,Merat,Max.Merat@yopmail.com,Max.Merat@gmail.com,1975-04-27,433127317,Identity,EU Bureau,6997083602,2103994446
Molli,Catie,Molli.Catie@yopmail.com,Molli.Catie@gmail.com,1951-08-15,970822214,Identity,EU Bureau,6993667346,2101833268
Petronia,Hoban,Petronia.Hoban@yopmail.com,Petronia.Hoban@gmail.com,1995-01-06,516586565,Identity,US State Department,6925557343,2109384220
Tabbatha,Raychel,Tabbatha.Raychel@yopmail.com,Tabbatha.Raychel@gmail.com,1964-09-04,106404393,Passport,EU Bureau,6957816415,2108424839
Sidoney,Guildroy,Sidoney.Guildroy@yopmail.com,Sidoney.Guildroy@gmail.com,2001-09-29,126526915,Passport,Los Angeles Police Department,6934047950,2104311946
Lenna,Madelene,Lenna.Madelene@yopmail.com,Lenna.Madelene@gmail.com,1967-07-20,995811464,Passport,New York Police Department,6928870788,2104739221
Dale,Lipson,Dale.Lipson@yopmail.com,Dale.Lipson@gmail.com,1976-04-26,464534570,Passport,Los Angeles Police Department,6968210061,2102844576
Sara-Ann,Connelly,Sara-Ann.Connelly@yopmail.com,Sara-Ann.Connelly@gmail.com,2002-04-14,148261533,Identity,New York Police Department,6976345365,2100878011
Blinni,Gillan,Blinni.Gillan@yopmail.com,Blinni.Gillan@gmail.com,1995-09-30,868384641,Passport,EU Bureau,6936899123,2108176791
Sidoney,Codding,Sidoney.Codding@yopmail.com,Sidoney.Codding@gmail.com,1972-02-12,530827264,Identity,US State Department,6946400298,2106595238
Elmira,Salvidor,Elmira.Salvidor@yopmail.com,Elmira.Salvidor@gmail.com,1985-08-08,305557155,Passport,Los Angeles Police Department,6943774498,2100373184
Paule,Gordon,Paule.Gordon@yopmail.com,Paule.Gordon@gmail.com,1960-08-08,843741756,Passport,EU Bureau,6919755886,2109843950
Sharlene,Stover,Sharlene.Stover@yopmail.com,Sharlene.Stover@gmail.com,1971-06-21,244292575,Passport,Los Angeles Police Department,6947407795,2106715093
Renae,Henrie,Renae.Henrie@yopmail.com,Renae.Henrie@gmail.com,1995-12-30,770992927,Identity,Los Angeles Police Department,6972946554,2108893282
Cecile,O'Rourke,Cecile.O'Rourke@yopmail.com,Cecile.O'Rourke@gmail.com,1958-01-12,272619213,Passport,US State Department,6910210474,2100192239
Ardys,Peti,Ardys.Peti@yopmail.com,Ardys.Peti@gmail.com,1985-11-26,643802246,Identity,New York Police Department,6992788375,2103956243
Elise,Bashemeth,Elise.Bashemeth@yopmail.com,Elise.Bashemeth@gmail.com,1997-05-26,344198785,Passport,EU Bureau,6952548425,2100873180
Raf,Yam,Raf.Yam@yopmail.com,Raf.Yam@gmail.com,1999-09-21,32954466,Passport,New York Police Department,6990586492,2108118960
Melina,Kiersten,Melina.Kiersten@yopmail.com,Melina.Kiersten@gmail.com,1943-08-17,60146274,Identity,New York Police Department,6970502068,2109792484
Gui,Arvo,Gui.Arvo@yopmail.com,Gui.Arvo@gmail.com,1941-05-04,593747332,Passport,Los Angeles Police Department,6929783869,2100358860
Delilah,Pyle,Delilah.Pyle@yopmail.com,Delilah.Pyle@gmail.com,1941-07-10,104569300,Passport,Los Angeles Police Department,6966654813,2100810697
Lulita,Trace,Lulita.Trace@yopmail.com,Lulita.Trace@gmail.com,1998-10-22,862454392,Passport,EU Bureau,6903057313,2104700367
Libbie,Couture,Libbie.Couture@yopmail.com,Libbie.Couture@gmail.com,1956-06-21,769107785,Passport,Los Angeles Police Department,6943508103,2109047601
Romona,Jena,Romona.Jena@yopmail.com,Romona.Jena@gmail.com,1943-07-13,93879388,Passport,Los Angeles Police Department,6959679719,2103226801
Corry,Diann,Corry.Diann@yopmail.com,Corry.Diann@gmail.com,1995-08-10,393618883,Identity,Los Angeles Police Department,6914810049,2100675250
Maye,Nerita,Maye.Nerita@yopmail.com,Maye.Nerita@gmail.com,1979-12-09,452305348,Passport,EU Bureau,6931555771,2104740951
Binny,Fillbert,Binny.Fillbert@yopmail.com,Binny.Fillbert@gmail.com,1958-05-12,491256165,Passport,EU Bureau,6997567324,2103030697
Ottilie,Christine,Ottilie.Christine@yopmail.com,Ottilie.Christine@gmail.com,1987-09-09,189307648,Identity,New York Police Department,6948038645,2105376040
Madeleine,Norvol,Madeleine.Norvol@yopmail.com,Madeleine.Norvol@gmail.com,1984-07-19,946952930,Passport,Los Angeles Police Department,6960717137,2100841793
Chloris,Matthew,Chloris.Matthew@yopmail.com,Chloris.Matthew@gmail.com,1967-10-18,885224469,Passport,New York Police Department,6970557546,2100900538
Cordi,Urania,Cordi.Urania@yopmail.com,Cordi.Urania@gmail.com,1985-11-17,117246302,Identity,EU Bureau,6993054004,2104479151
Danny,Radu,Danny.Radu@yopmail.com,Danny.Radu@gmail.com,1999-01-05,13155600,Passport,Los Angeles Police Department,6940618901,2101291188
Morganica,Hertzfeld,Morganica.Hertzfeld@yopmail.com,Morganica.Hertzfeld@gmail.com,1992-11-02,610466021,Passport,EU Bureau,6933493395,2101684499
Patricia,Pettiford,Patricia.Pettiford@yopmail.com,Patricia.Pettiford@gmail.com,1998-07-23,925755344,Passport,US State Department,6972246255,2108861291
Kaja,Gabrielli,Kaja.Gabrielli@yopmail.com,Kaja.Gabrielli@gmail.com,1959-09-05,135212568,Passport,New York Police Department,6923472572,2104955083
Rubie,Roarke,Rubie.Roarke@yopmail.com,Rubie.Roarke@gmail.com,1996-06-11,909749864,Identity,US State Department,6994046385,2104583608
Laure,Pernick,Laure.Pernick@yopmail.com,Laure.Pernick@gmail.com,1985-01-13,887591708,Passport,Los Angeles Police Department,6962346517,2109537106
Dorthy,Stover,Dorthy.Stover@yopmail.com,Dorthy.Stover@gmail.com,2000-03-29,808460207,Passport,New York Police Department,6948872378,2107581184
Fanchon,Nore,Fanchon.Nore@yopmail.com,Fanchon.Nore@gmail.com,1966-07-13,532479800,Passport,US State Department,6908360586,2109640773
Frieda,Cornelia,Frieda.Cornelia@yopmail.com,Frieda.Cornelia@gmail.com,1946-03-23,914426178,Identity,US State Department,6998997886,2103434477
Noelle,Dermott,Noelle.Dermott@yopmail.com,Noelle.Dermott@gmail.com,1955-09-23,6212835,Identity,EU Bureau,6905976167,2100228381
Drucie,Ader,Drucie.Ader@yopmail.com,Drucie.Ader@gmail.com,1948-11-21,148025754,Identity,Los Angeles Police Department,6977250054,2105356341
Lauryn,O'Neill,Lauryn.O'Neill@yopmail.com,Lauryn.O'Neill@gmail.com,1990-02-17,932563615,Passport,EU Bureau,6966481404,2107596505
Elise,Voletta,Elise.Voletta@yopmail.com,Elise.Voletta@gmail.com,1948-10-21,845707778,Passport,EU Bureau,6989720775,2108828385
Zsa Zsa,Doig,Zsa Zsa.Doig@yopmail.com,Zsa Zsa.Doig@gmail.com,1942-03-08,385408203,Passport,New York Police Department,6957616410,2103671826
Pollyanna,Hazlett,Pollyanna.Hazlett@yopmail.com,Pollyanna.Hazlett@gmail.com,1965-01-24,809277152,Passport,EU Bureau,6911387868,2101785911
Ardenia,Anyah,Ardenia.Anyah@yopmail.com,Ardenia.Anyah@gmail.com,1980-05-23,776289622,Passport,New York Police Department,6923618119,2106599796
Karly,Fax,Karly.Fax@yopmail.com,Karly.Fax@gmail.com,1984-07-31,758907930,Passport,Los Angeles Police Department,6933574022,2108632065
Nerta,Woodberry,Nerta.Woodberry@yopmail.com,Nerta.Woodberry@gmail.com,1990-04-12,351908613,Identity,Los Angeles Police Department,6983848158,2106111841
Mariann,Cleo,Mariann.Cleo@yopmail.com,Mariann.Cleo@gmail.com,1952-01-21,827221373,Passport,Los Angeles Police Department,6996880577,2107378809
Doro,Fredi,Doro.Fredi@yopmail.com,Doro.Fredi@gmail.com,1996-01-30,493092772,Passport,Los Angeles Police Department,6972091015,2106671772
Sallie,Agle,Sallie.Agle@yopmail.com,Sallie.Agle@gmail.com,1972-03-01,685333588,Identity,New York Police Department,6915126676,2106669691
Ileana,Sigfrid,Ileana.Sigfrid@yopmail.com,Ileana.Sigfrid@gmail.com,1946-10-11,222886202,Identity,EU Bureau,6985292157,2101204054
Alia,Knowling,Alia.Knowling@yopmail.com,Alia.Knowling@gmail.com,1980-03-15,949906815,Passport,US State Department,6949477370,2108498644
Leeanne,Erlandson,Leeanne.Erlandson@yopmail.com,Leeanne.Erlandson@gmail.com,1970-11-27,163977993,Passport,Los Angeles Police Department,6947079589,2103293302
Bettine,Kolnick,Bettine.Kolnick@yopmail.com,Bettine.Kolnick@gmail.com,1956-06-01,838395604,Identity,New York Police Department,6919183873,2103847502
Vonny,Zola,Vonny.Zola@yopmail.com,Vonny.Zola@gmail.com,1952-12-07,845727811,Identity,Los Angeles Police Department,6943179651,2107966945
Rubie,Rozanna,Rubie.Rozanna@yopmail.com,Rubie.Rozanna@gmail.com,1944-03-08,770895851,Identity,EU Bureau,6990337987,2103532491
Gwyneth,Charmine,Gwyneth.Charmine@yopmail.com,Gwyneth.Charmine@gmail.com,1994-07-11,937062152,Passport,New York Police Department,6941513121,2104365880
Edee,Kirbee,Edee.Kirbee@yopmail.com,Edee.Kirbee@gmail.com,2003-06-06,892552449,Identity,EU Bureau,6941708988,2108966389
Deloria,Bettine,Deloria.Bettine@yopmail.com,Deloria.Bettine@gmail.com,1964-11-13,326424142,Passport,Los Angeles Police Department,6912070695,2101782303
Heddie,Darian,Heddie.Darian@yopmail.com,Heddie.Darian@gmail.com,1968-04-12,193751383,Identity,US State Department,6989482807,2108686020
Ursulina,Friede,Ursulina.Friede@yopmail.com,Ursulina.Friede@gmail.com,1945-02-05,334302435,Identity,Los Angeles Police Department,6944320318,2103219372
Doralynne,Anyah,Doralynne.Anyah@yopmail.com,Doralynne.Anyah@gmail.com,1988-08-07,173606589,Passport,New York Police Department,6935334554,2104856708
Hope,Melleta,Hope.Melleta@yopmail.com,Hope.Melleta@gmail.com,1993-08-21,52351772,Passport,US State Department,6927589333,2106732049
Aurore,Burkle,Aurore.Burkle@yopmail.com,Aurore.Burkle@gmail.com,1972-12-11,153249326,Identity,US State Department,6959610611,2107454704
Celestyna,Daniele,Celestyna.Daniele@yopmail.com,Celestyna.Daniele@gmail.com,1943-10-02,271210729,Passport,US State Department,6986733496,2103854181
Aili,Alabaster,Aili.Alabaster@yopmail.com,Aili.Alabaster@gmail.com,1947-09-07,984349475,Identity,US State Department,6946243930,2101873773
Marika,Lalitta,Marika.Lalitta@yopmail.com,Marika.Lalitta@gmail.com,1975-03-08,600285841,Passport,Los Angeles Police Department,6929372204,2104926559
Shauna,Eben,Shauna.Eben@yopmail.com,Shauna.Eben@gmail.com,1976-07-12,514337696,Passport,EU Bureau,6931415242,2108269140
Shaylyn,Ball,Shaylyn.Ball@yopmail.com,Shaylyn.Ball@gmail.com,1951-05-11,58288597,Passport,Los Angeles Police Department,6911571933,2103962644
Flory,Liebermann,Flory.Liebermann@yopmail.com,Flory.Liebermann@gmail.com,1944-07-02,355553848,Passport,Los Angeles Police Department,6968447096,2102432362
Dolli,Annice,Dolli.Annice@yopmail.com,Dolli.Annice@gmail.com,1968-08-04,577854026,Identity,Los Angeles Police Department,6968211714,2101969817
Marita,Noam,Marita.Noam@yopmail.com,Marita.Noam@gmail.com,1982-07-02,799069853,Identity,EU Bureau,6947551479,2108884943
Candy,Vittoria,Candy.Vittoria@yopmail.com,Candy.Vittoria@gmail.com,1984-01-10,934389435,Passport,US State Department,6979133881,2102646410
Lory,Nicoline,Lory.Nicoline@yopmail.com,Lory.Nicoline@gmail.com,1947-09-26,531932500,Passport,US State Department,6924512159,2104627394
Emilia,Shelba,Emilia.Shelba@yopmail.com,Emilia.Shelba@gmail.com,1951-03-11,604804800,Identity,Los Angeles Police Department,6972396308,2106310431
Lynea,Pitt,Lynea.Pitt@yopmail.com,Lynea.Pitt@gmail.com,1998-05-22,791377732,Passport,US State Department,6909845120,2100936123
Asia,Sammons,Asia.Sammons@yopmail.com,Asia.Sammons@gmail.com,1943-11-15,888513950,Identity,New York Police Department,6938014371,2102252170
Katleen,Gaulin,Katleen.Gaulin@yopmail.com,Katleen.Gaulin@gmail.com,1993-05-15,108756133,Passport,US State Department,6959260728,2108171836
Rori,Lanita,Rori.Lanita@yopmail.com,Rori.Lanita@gmail.com,1994-06-28,51478902,Identity,EU Bureau,6961426350,2106399571
Rosanne,Mike,Rosanne.Mike@yopmail.com,Rosanne.Mike@gmail.com,1986-07-15,205321092,Identity,Los Angeles Police Department,6946859724,2104309190
Nelle,Evvie,Nelle.Evvie@yopmail.com,Nelle.Evvie@gmail.com,1966-07-15,411621845,Passport,New York Police Department,6989603375,2105383369
Amara,Kristi,Amara.Kristi@yopmail.com,Amara.Kristi@gmail.com,1965-05-02,903844953,Identity,Los Angeles Police Department,6922619462,2103239869
Jere,Vivle,Jere.Vivle@yopmail.com,Jere.Vivle@gmail.com,1957-11-15,446718786,Identity,New York Police Department,6915456316,2104415796
Charissa,Rudolph,Charissa.Rudolph@yopmail.com,Charissa.Rudolph@gmail.com,1957-12-09,219669545,Passport,US State Department,6996312177,2100804724
Tori,Jefferey,Tori.Jefferey@yopmail.com,Tori.Jefferey@gmail.com,1980-08-13,923743965,Identity,Los Angeles Police Department,6995968943,2107842970
Tina,Tremayne,Tina.Tremayne@yopmail.com,Tina.Tremayne@gmail.com,1974-04-12,791053254,Passport,EU Bureau,6961843373,2107943270
Fred,Gaulin,Fred.Gaulin@yopmail.com,Fred.Gaulin@gmail.com,1983-12-03,805640724,Identity,Los Angeles Police Department,6936438211,2108615982
Corly,Mathilde,Corly.Mathilde@yopmail.com,Corly.Mathilde@gmail.com,1982-01-05,11852887,Identity,US State Department,6926362541,2101152513
Annora,Sundin,Annora.Sundin@yopmail.com,Annora.Sundin@gmail.com,1959-04-23,187158407,Passport,New York Police Department,6951307353,2103158316
Coral,Fink,Coral.Fink@yopmail.com,Coral.Fink@gmail.com,1978-09-12,242792603,Passport,US State Department,6983481801,2106417623
Gusty,Saint,Gusty.Saint@yopmail.com,Gusty.Saint@gmail.com,1948-11-17,654568349,Identity,EU Bureau,6908639089,2109393361
Marinna,Frendel,Marinna.Frendel@yopmail.com,Marinna.Frendel@gmail.com,1960-02-20,765269858,Identity,Los Angeles Police Department,6981236387,2103000218
Celisse,Noman,Celisse.Noman@yopmail.com,Celisse.Noman@gmail.com,1987-03-24,80334665,Identity,EU Bureau,6916412273,2106875958
Rosaline,Rebecka,Rosaline.Rebecka@yopmail.com,Rosaline.Rebecka@gmail.com,1958-12-26,172512965,Identity,US State Department,6958242628,2102157134
Bernie,Cosenza,Bernie.Cosenza@yopmail.com,Bernie.Cosenza@gmail.com,1998-05-28,227085464,Identity,Los Angeles Police Department,6925959285,2109300588
Ethel,Pauly,Ethel.Pauly@yopmail.com,Ethel.Pauly@gmail.com,1986-08-20,518634503,Passport,New York Police Department,6922120202,2108865980
Pamella,Gladstone,Pamella.Gladstone@yopmail.com,Pamella.Gladstone@gmail.com,1949-08-22,39464766,Identity,US State Department,6953785461,2107568506
Lesly,Wooster,Lesly.Wooster@yopmail.com,Lesly.Wooster@gmail.com,1987-10-05,798725550,Passport,Los Angeles Police Department,6909902325,2109709256
Rubie,Delp,Rubie.Delp@yopmail.com,Rubie.Delp@gmail.com,2003-05-17,363213613,Passport,US State Department,6994155507,2101709153
Sherrie,Stelle,Sherrie.Stelle@yopmail.com,Sherrie.Stelle@gmail.com,1946-04-10,174891701,Identity,Los Angeles Police Department,6956112295,2103277710
Gusella,Dielu,Gusella.Dielu@yopmail.com,Gusella.Dielu@gmail.com,1971-03-02,601487263,Passport,New York Police Department,6970521815,2105447278
Amalie,Stilwell,Amalie.Stilwell@yopmail.com,Amalie.Stilwell@gmail.com,1951-05-23,615270785,Identity,Los Angeles Police Department,6992478519,2106812210
Leona,Kenney,Leona.Kenney@yopmail.com,Leona.Kenney@gmail.com,2002-12-25,181713503,Identity,US State Department,6900187128,2103589371
Chloris,Aldric,Chloris.Aldric@yopmail.com,Chloris.Aldric@gmail.com,1967-04-30,573465822,Passport,Los Angeles Police Department,6959332906,2109937741
Suzette,Danby,Suzette.Danby@yopmail.com,Suzette.Danby@gmail.com,1967-06-17,485898990,Passport,US State Department,6978624880,2109672663
Lily,Bergman,Lily.Bergman@yopmail.com,Lily.Bergman@gmail.com,1950-07-20,825205074,Passport,EU Bureau,6908682368,2102457693
Mariann,Meli,Mariann.Meli@yopmail.com,Mariann.Meli@gmail.com,1954-05-16,406615847,Passport,EU Bureau,6915970573,2108347423
Minda,Couture,Minda.Couture@yopmail.com,Minda.Couture@gmail.com,1963-08-17,892548269,Passport,US State Department,6935877156,2109711129
Corly,Teddman,Corly.Teddman@yopmail.com,Corly.Teddman@gmail.com,1974-09-26,262736342,Passport,New York Police Department,6912557784,2108675251
Chickie,Raffo,Chickie.Raffo@yopmail.com,Chickie.Raffo@gmail.com,1947-03-31,521145863,Identity,US State Department,6914922063,2108669250
Rhea,Hutchison,Rhea.Hutchison@yopmail.com,Rhea.Hutchison@gmail.com,1955-04-13,373138437,Passport,US State Department,6944692180,2107661507
Darci,Brodench,Darci.Brodench@yopmail.com,Darci.Brodench@gmail.com,1961-02-01,97653082,Passport,US State Department,6989200438,2108325693
Jsandye,Plato,Jsandye.Plato@yopmail.com,Jsandye.Plato@gmail.com,1968-09-09,525704419,Identity,EU Bureau,6915264934,2102961432
Dominga,Zuzana,Dominga.Zuzana@yopmail.com,Dominga.Zuzana@gmail.com,1993-08-15,606583323,Identity,Los Angeles Police Department,6917983172,2102789924
Daphne,Neils,Daphne.Neils@yopmail.com,Daphne.Neils@gmail.com,1968-05-03,685645988,Identity,EU Bureau,6989492054,2104214009
Siana,Keily,Siana.Keily@yopmail.com,Siana.Keily@gmail.com,1975-11-12,27758127,Passport,US State Department,6989227058,2107008418
Gerianna,Baylor,Gerianna.Baylor@yopmail.com,Gerianna.Baylor@gmail.com,1993-04-07,509865317,Identity,Los Angeles Police Department,6967624323,2104377100
Agathe,Middleton,Agathe.Middleton@yopmail.com,Agathe.Middleton@gmail.com,1966-03-30,589005510,Identity,EU Bureau,6993001792,2108546127
Trixi,Bendick,Trixi.Bendick@yopmail.com,Trixi.Bendick@gmail.com,1998-07-16,628668227,Identity,Los Angeles Police Department,6914977605,2101839709
Adore,Belanger,Adore.Belanger@yopmail.com,Adore.Belanger@gmail.com,1955-07-28,368845160,Identity,Los Angeles Police Department,6987522259,2109648189
Talya,Whiffen,Talya.Whiffen@yopmail.com,Talya.Whiffen@gmail.com,1966-11-10,196684203,Identity,New York Police Department,6929173957,2107946040
Roxane,Kravits,Roxane.Kravits@yopmail.com,Roxane.Kravits@gmail.com,1992-12-14,67142997,Passport,EU Bureau,6948628902,2104238583
Viviene,Sothena,Viviene.Sothena@yopmail.com,Viviene.Sothena@gmail.com,1992-11-06,434893177,Identity,New York Police Department,6981091621,2101297792
Bettine,Flita,Bettine.Flita@yopmail.com,Bettine.Flita@gmail.com,1947-02-16,933959797,Passport,New York Police Department,6911131757,2100414864
Sam,Giule,Sam.Giule@yopmail.com,Sam.Giule@gmail.com,1952-03-29,954413604,Identity,US State Department,6978320657,2101103050
Nessie,Baptlsta,Nessie.Baptlsta@yopmail.com,Nessie.Baptlsta@gmail.com,1962-04-08,537228322,Passport,New York Police Department,6900254108,2109485461
Robbi,Aldric,Robbi.Aldric@yopmail.com,Robbi.Aldric@gmail.com,2002-05-21,450715484,Identity,Los Angeles Police Department,6948163339,2109065419
Elmira,Eben,Elmira.Eben@yopmail.com,Elmira.Eben@gmail.com,1948-03-23,530532228,Identity,US State Department,6940197160,2107999677
Marti,Lacombe,Marti.Lacombe@yopmail.com,Marti.Lacombe@gmail.com,1941-05-13,17785971,Passport,US State Department,6976239936,2108102134
Mildrid,Lemuela,Mildrid.Lemuela@yopmail.com,Mildrid.Lemuela@gmail.com,1945-12-17,650428561,Identity,Los Angeles Police Department,6957900613,2103519473
Theodora,Schenck,Theodora.Schenck@yopmail.com,Theodora.Schenck@gmail.com,1962-03-15,788042819,Passport,New York Police Department,6972483275,2100064075
Albertina,Wenoa,Albertina.Wenoa@yopmail.com,Albertina.Wenoa@gmail.com,1984-05-28,9065790,Identity,US State Department,6995648714,2101997137
Amelia,Francyne,Amelia.Francyne@yopmail.com,Amelia.Francyne@gmail.com,1989-09-16,625480439,Identity,Los Angeles Police Department,6928480334,2102481823
Rayna,Jehu,Rayna.Jehu@yopmail.com,Rayna.Jehu@gmail.com,1958-12-07,625767066,Identity,EU Bureau,6958788274,2108622379
Riannon,Merat,Riannon.Merat@yopmail.com,Riannon.Merat@gmail.com,1966-01-05,334987946,Identity,Los Angeles Police Department,6940479369,2106427299
Livvyy,Vittoria,Livvyy.Vittoria@yopmail.com,Livvyy.Vittoria@gmail.com,1976-10-22,625272365,Identity,US State Department,6962607965,2109105789
Adore,Sadowski,Adore.Sadowski@yopmail.com,Adore.Sadowski@gmail.com,1991-02-24,12616875,Passport,EU Bureau,6943397457,2101949807
Brena,Pierette,Brena.Pierette@yopmail.com,Brena.Pierette@gmail.com,1969-02-22,289435925,Passport,New York Police Department,6960740280,2100197388
Dorene,Blase,Dorene.Blase@yopmail.com,Dorene.Blase@gmail.com,1956-04-14,567062114,Passport,EU Bureau,6957907141,2107281622
Sibella,Margret,Sibella.Margret@yopmail.com,Sibella.Margret@gmail.com,1975-01-22,799649938,Passport,New York Police Department,6961788996,2100380219
Dulce,Alfons,Dulce.Alfons@yopmail.com,Dulce.Alfons@gmail.com,1997-02-25,925653580,Identity,New York Police Department,6959369699,2104518459